,mu,mu_star,sigma,mu_star_conf
bb,-0.26777676172308995,0.8994280623409396,1.2719833641415104,0.3259704320879359
satdk,0.5839739908184124,0.5839739908184124,0.0,2.1869594146838046e-16
