,name,lower_bound,upper_bound,optguess,calibrate
0,bb,0.01,21.94,3.2079604777790642,1
1,satdk,0.0,0.017424,0.001937923227788561,1
2,slop,0.0,1.0,0.008716394514218791,1
3,smcmax,0.29,1.0,1.0,1
4,wltsmc,0.0,0.29,0.000142,1
5,max_gw_storage,0.05,0.25,0.19,1