{
    "forcing_file": "G://Shared drives/Ryoko and Hilary/SMSigxModel/analysis/2_data_input/Mahurangi/full/mahurangi_1998_2001.csv",
    "catchment_area_km2": 46.65,
    "soil_params":
    {
        "bb": 3.4776604133127096,
        "satdk": 0.0000030144294921889296,
        "slop": 0.22300826168873755,
        "satpsi": 0.6627613182304428,
        "smcmax": 0.7600641657750561,
        "wltsmc": 0.3133173259069893,
        "D": 1.156590810425903
    },
    "alpha_fc": 0.19677849233228578,
    "max_gw_storage": 108.62278080659044,
    "Cgw": 0.8185732500565834,
    "expon": 6.840042545726703,
    "lksatfac": 132.11956294106267,
    "dd": 0.001435,
    "refkdt": 2.289897658375718,
    "K_nash": 0.18813079962495927,
    "trigger_z_fact": 0.4575191432554979,
    "nash_storage":
    [
        0.0,
        0.0
    ],
    "giuh_ordinates":
    [
        0.1,
        0.2,
        0.4,
        0.2,
        0.1
    ],
    "stand_alone": 1,
    "unit_test": 1,
    "compare_results_file": "G://Shared drives/Ryoko and Hilary/SMSigxModel/analysis/2_data_input/Mahurangi/full/test_sm_basinavg.csv"
}