{"forcing_file": "..\\2_data_input\\Mahurangi\\short\\mahurangi_1998_2001.csv", "catchment_area_km2": 46.65, "soil_params": {"bb": 3.884358418233917, "mult": 1000.0, "satdk": 3.38e-06, "satpsi": 0.355, "slop": 1.0, "smcmax": 0.4819258387876538, "wltsmc": 0.583218083639778, "D": 6.191845152821051, "exponent_primary": 1.0, "coeff_secondary": 0.01, "exponent_secondary": 1.0, "maxsmc": 0.45066153656446817}, "max_gw_storage": 16.0, "Cgw": 0.01, "expon": 6.0, "K_lf": 57.687168787806655, "K_nash": 17.306154740686665, "nash_storage": [0.0, 0.0], "giuh_ordinates": [0.1, 0.35, 0.2, 0.14, 0.1, 0.06, 0.05], "stand_alone": 1, "unit_test": 1, "compare_results_file": "G:\\Shared drives\\Ryoko and Hilary\\SMSigxModel\\analysis\\2_data_input\\Mahurangi\\short\\test_sm_basinavg.csv", "maxsmc": 0.16407640710900617}