{"forcing_file": "../2_data_input/Mahurangi/short/mahurangi_1998_2001.csv", "catchment_area_km2": 46.65, "soil_params": {"bb": 4.15140050387606, "mult": 1000.0, "satdk": 3.38e-06, "satpsi": 0.355, "slop": 1.0, "smcmax": 0.13028010077521235, "wltsmc": 0.13028010077521235, "D": 2.172520906976911, "exponent_primary": 1.0, "coeff_secondary": 0.01, "exponent_secondary":1.0}, "max_gw_storage": 16.0, "Cgw": 0.01, "expon": 6.0, "K_lf": 13.028010947241134, "K_nash": 3.908411720455363, "nash_storage": [0.0, 0.0], "giuh_ordinates": [0.1, 0.35, 0.2, 0.14, 0.1, 0.06, 0.05], "stand_alone": 1, "unit_test": 1, "compare_results_file": "../2_data_input/Mahurangi/short/test_sm_basinavg.csv"}
