,mu,mu_star,sigma,mu_star_conf
bb,-0.26733922668442195,0.8998633535903087,1.2725989589299505,0.36772658592132124
satdk,1.4838373444087214,1.4838373444087214,1.2725989589299502,1.2453592045833146
