run_id,NSE on Flow,NSE on Soil,KGE on Flow,KGE on Soil,SeasonTrans of Soil dry2wet_start,SeasonTrans of Soil dry2wet_end,SeasonTrans of Soil wet2dry_start,SeasonTrans of Soil wet2dry_end,KGE on Flow_Behavioral,SeasonTrans of Soil wet2dry_end_Behavioral,GLUE_results_Behavioral
0,-4.089466338541698,-1.2789174282080933,-0.5322603635847603,0.1089715113843473,72.75033647761059,127.80289215641096,68.14257370269236,131.67859520266452,True,True,True
1,-4.150684958604612,-1.248776908020663,-0.5654828230628774,0.1389617275088788,72.74954449587192,124.18718805303796,68.14211177577575,130.4892890212747,True,True,True
2,-4.104243544375599,-1.241158458133344,-0.5480337919441569,0.1305738143825588,76.38214401116905,129.03872100364728,68.14640061704752,131.20604264410213,True,True,True
