{"forcing_file": "..\\2_data_input\\Mahurangi\\full\\mahurangi_1998_2001.csv", "catchment_area_km2": 46.65, "soil_params": {"bb": 6.850869072032064, "mult": 1000.0, "satdk": 0.42196573235030166, "satpsi": 0.6178080009776078, "slop": 0.7463349005659757, "smcmax": 0.6477968655393702, "wltsmc": 0.5267159226289919, "D": 1.04775390625, "exponent_primary": 1.0, "coeff_secondary": 2.781085056091902, "exponent_secondary": 6.993400651744982, "depth": 0.5}, "max_gw_storage": 248.50451463319607, "gw_coeff_primary": 0.01, "gw_exponent_primary": 1, "Cgw": 0.5933955848557053, "expon": 1.7351714313267184, "K_lf": 46.875000531249995, "K_nash": 0.337890625, "nash_storage": [0.0, 0.0], "giuh_ordinates": [0.1, 0.35, 0.2, 0.14, 0.1, 0.06, 0.05], "refkdt": 0.8550323369669143, "trigger_z_m": 0.31453093195357157, "fc_atm_press_fraction": 0.2470834045518907, "stand_alone": 1, "unit_test": 1, "compare_results_file": "G:\\Shared drives\\Ryoko and Hilary\\SMSigxModel\\analysis\\2_data_input\\Mahurangi\\full\\test_sm_basinavg.csv", "coeff_secondary": 1.3823632812500002, "exponent_secondary": 2.298828125}