like1,parbb,parslop,parsatdk,simulation1_1,chain
0.0,5.383,0.2605,0.001776,0.0,1.0
0.0,14.42,0.7764,0.001955,0.0,1.0
0.0,9.76,0.9556,0.00126,0.0,1.0
0.0,4.05,0.1582,0.001157,0.0,1.0
0.0,12.086,0.597,0.001596,0.0,1.0
