run_id,NSE on Flow,NSE on Soil,KGE on Flow,KGE on Soil,SeasonTrans of Soil dry2wet_start,SeasonTrans of Soil dry2wet_end,SeasonTrans of Soil wet2dry_start,SeasonTrans of Soil wet2dry_end,KGE on Flow_Behavioral,GLUE_results_Behavioral
0,0.4124493978522427,-31.05675095722548,0.2876609947841758,0.1918147531365955,19.90802712598816,24.287917994661257,11.955597982586673,30.89772183975826,True,True
1,0.4732196172823516,-19.924336328788826,0.3540927907871927,0.3286398442538371,18.640356245683503,25.66582674649544,9.929739109706134,28.64059333968908,True,True
2,0.4550859632403868,-23.40964317897082,0.3329773488128714,0.281251674919317,19.13819018146023,25.289926326833665,10.697358417324722,29.539217062760144,True,True
