{"forcing_file": "..\\2_data_input\\Mahurangi\\full\\mahurangi_1998_2001.csv", "catchment_area_km2": 46.65, "soil_params": {"bb": 13.392489846464892, "mult": 1000.0, "satdk": 0.35836623927032296, "satpsi": 0.045073045419239795, "slop": 0.41355891770355446, "smcmax": 0.49008219641559797, "wltsmc": 0.30940765663817793, "D": 1.04775390625, "exponent_primary": 1.0, "coeff_secondary": 2.126909855744493, "exponent_secondary": 1.8379685429515502, "depth": 0.5}, "max_gw_storage": 48.183485785658846, "gw_coeff_primary": 0.01, "gw_exponent_primary": 1, "Cgw": 0.19039536074387914, "expon": 3.939094299438757, "K_lf": 46.875000531249995, "K_nash": 0.337890625, "nash_storage": [0.0, 0.0], "giuh_ordinates": [0.1, 0.35, 0.2, 0.14, 0.1, 0.06, 0.05], "refkdt": 3.9328158224715075, "trigger_z_m": 0.4947163511937332, "fc_atm_press_fraction": 0.28579136369126945, "stand_alone": 1, "unit_test": 1, "compare_results_file": "G:\\Shared drives\\Ryoko and Hilary\\SMSigxModel\\analysis\\2_data_input\\Mahurangi\\full\\test_sm_basinavg.csv", "coeff_secondary": 1.3823632812500002, "exponent_secondary": 2.298828125}