{"forcing_file": "..\\2_data_input\\Mahurangi\\full\\mahurangi_1998_2001.csv", "catchment_area_km2": 46.65, "soil_params": {"bb": 13.260036471083032, "mult": 1000.0, "satdk": 0.7470954895198711, "satpsi": 0.5440612184576824, "slop": 0.011795052710161735, "smcmax": 0.4635647596778286, "wltsmc": 0.12037113202500883, "D": 0.87, "exponent_primary": 1.0, "coeff_secondary": 0.5818384759414015, "exponent_secondary": 3.3678681633104794}, "max_gw_storage": 195.16885995131707, "Cgw": 0.4962759172184332, "expon": 2.9275933569485018, "K_lf": 46.875000531249995, "K_nash": 0.03, "nash_storage": [0.0, 0.0], "giuh_ordinates": [0.1, 0.35, 0.2, 0.14, 0.1, 0.06, 0.05], "refkdt": 3.5778420086096445, "trigger_z_m": 0.6768857630621097, "fc_atm_press_fraction": 0.12680290403868658, "stand_alone": 1, "unit_test": 1, "compare_results_file": "G:\\Shared drives\\Ryoko and Hilary\\SMSigxModel\\analysis\\2_data_input\\Mahurangi\\full\\test_sm_basinavg.csv"}