{"forcing_file": "..\\2_data_input\\Mahurangi\\full\\mahurangi_1998_2001.csv", "catchment_area_km2": 46.65, "soil_params": {"bb": 8.271434471125508, "mult": 1000.0, "satdk": 0.3138015484770015, "satpsi": 0.054490373045359114, "slop": 0.018076329213041475, "smcmax": 0.39273697959047327, "wltsmc": 0.092330588968589, "D": 0.87, "exponent_primary": 1.0, "coeff_secondary": 0.31798116161732876, "exponent_secondary": 5.910306225599257}, "max_gw_storage": 92.1035657443764, "Cgw": 0.18466848125755522, "expon": 2.334003800317632, "K_lf": 46.875000531249995, "K_nash": 0.03, "nash_storage": [0.0, 0.0], "giuh_ordinates": [0.1, 0.35, 0.2, 0.14, 0.1, 0.06, 0.05], "refkdt": 0.1450540497562491, "trigger_z_m": 0.25001240518899204, "fc_atm_press_fraction": 0.1871012838688016, "stand_alone": 1, "unit_test": 1, "compare_results_file": "G:\\Shared drives\\Ryoko and Hilary\\SMSigxModel\\analysis\\2_data_input\\Mahurangi\\full\\test_sm_basinavg.csv"}