{"forcing_file": "..\\2_data_input\\Mahurangi\\full\\mahurangi_1998_2001.csv", "catchment_area_km2": 46.65, "soil_params": {"bb": 2.043034962538232, "mult": 1000.0, "satdk": 0.8006571884956962, "satpsi": 0.25716494771165027, "slop": 0.6237837534153203, "smcmax": 0.598253503819124, "wltsmc": 0.1636651653110601, "D": 1.04775390625, "exponent_primary": 1.0, "coeff_secondary": 0.42904458098117915, "exponent_secondary": 7.03192664224574, "depth": 0.5}, "max_gw_storage": 143.69528505254468, "gw_coeff_primary": 0.01, "gw_exponent_primary": 1, "Cgw": 0.619450734836692, "expon": 5.8539090056260985, "K_lf": 46.875000531249995, "K_nash": 0.337890625, "nash_storage": [0.0, 0.0], "giuh_ordinates": [0.1, 0.35, 0.2, 0.14, 0.1, 0.06, 0.05], "refkdt": 3.201031543758496, "trigger_z_m": 0.4318892836241811, "fc_atm_press_fraction": 0.22951288839694028, "stand_alone": 1, "unit_test": 1, "compare_results_file": "G:\\Shared drives\\Ryoko and Hilary\\SMSigxModel\\analysis\\2_data_input\\Mahurangi\\full\\test_sm_basinavg.csv", "coeff_secondary": 1.3823632812500002, "exponent_secondary": 2.298828125}