{"forcing_file": "..\\2_data_input\\Mahurangi\\full\\mahurangi_1998_2001.csv", "catchment_area_km2": 46.65, "soil_params": {"bb": 5.470019999744865, "mult": 1000.0, "satdk": 0.674024114369181, "satpsi": 0.04151006384494246, "slop": 0.6263070797570933, "smcmax": 0.3545826188330057, "wltsmc": 0.061542752190810825, "D": 0.87, "exponent_primary": 1.0, "coeff_secondary": 2.848485191149436, "exponent_secondary": 5.316861039516181}, "max_gw_storage": 141.49297131666975, "Cgw": 0.8861416318051966, "expon": 3.6155307103589047, "K_lf": 46.875000531249995, "K_nash": 0.03, "nash_storage": [0.0, 0.0], "giuh_ordinates": [0.1, 0.35, 0.2, 0.14, 0.1, 0.06, 0.05], "refkdt": 3.518633249986393, "trigger_z_m": 0.29312554454311135, "fc_atm_press_fraction": 0.11956711881897976, "stand_alone": 1, "unit_test": 1, "compare_results_file": "G:\\Shared drives\\Ryoko and Hilary\\SMSigxModel\\analysis\\2_data_input\\Mahurangi\\full\\test_sm_basinavg.csv"}