{"forcing_file": "..\\2_data_input\\Mahurangi\\full\\mahurangi_1998_2001.csv", "catchment_area_km2": 46.65, "soil_params": {"bb": 9.385110453638985, "mult": 1000.0, "satdk": 0.12600170484380657, "satpsi": 0.14817429320695813, "slop": 0.07430584850327326, "smcmax": 0.4932475212772607, "wltsmc": 0.4625239962038374, "D": 0.87, "exponent_primary": 1.0, "coeff_secondary": 2.084235135029081, "exponent_secondary": 5.499352100209962}, "max_gw_storage": 20.619728023829296, "Cgw": 0.8986976365329818, "expon": 6.382115065587924, "K_lf": 46.875000531249995, "K_nash": 0.03, "nash_storage": [0.0, 0.0], "giuh_ordinates": [0.1, 0.35, 0.2, 0.14, 0.1, 0.06, 0.05], "refkdt": 3.990196556747318, "trigger_z_m": 0.12688391941353627, "fc_atm_press_fraction": 0.31173291726404534, "stand_alone": 1, "unit_test": 1, "compare_results_file": "G:\\Shared drives\\Ryoko and Hilary\\SMSigxModel\\analysis\\2_data_input\\Mahurangi\\full\\test_sm_basinavg.csv"}