{"forcing_file": "..\\2_data_input\\Mahurangi\\full\\mahurangi_1998_2001.csv", "catchment_area_km2": 46.65, "soil_params": {"bb": 3.913930685911265, "mult": 1000.0, "satdk": 0.6868603259750411, "satpsi": 0.03409844737707219, "slop": 0.618579279961225, "smcmax": 0.400591356256796, "wltsmc": 0.19010180163619833, "D": 1.04775390625, "exponent_primary": 1.0, "coeff_secondary": 2.996767979982298, "exponent_secondary": 6.834933809326498, "depth": 0.5}, "max_gw_storage": 95.24302780548675, "gw_coeff_primary": 0.01, "gw_exponent_primary": 1, "Cgw": 0.908173034160275, "expon": 4.336317639321707, "K_lf": 46.875000531249995, "K_nash": 0.337890625, "nash_storage": [0.0, 0.0], "giuh_ordinates": [0.1, 0.35, 0.2, 0.14, 0.1, 0.06, 0.05], "refkdt": 0.7202645759060489, "trigger_z_m": 0.7081225939850139, "fc_atm_press_fraction": 0.15412884864071077, "stand_alone": 1, "unit_test": 1, "compare_results_file": "G:\\Shared drives\\Ryoko and Hilary\\SMSigxModel\\analysis\\2_data_input\\Mahurangi\\full\\test_sm_basinavg.csv", "coeff_secondary": 1.3823632812500002, "exponent_secondary": 2.298828125}