{"forcing_file": "..\\2_data_input\\Mahurangi\\full\\mahurangi_1998_2001.csv", "catchment_area_km2": 46.65, "soil_params": {"bb": 5.839384942523138, "mult": 1000.0, "satdk": 0.8221008016687327, "satpsi": 0.5260876060888786, "slop": 0.8364005248553185, "smcmax": 0.4359324073126697, "wltsmc": 0.2813489431332383, "D": 0.87, "exponent_primary": 1.0, "coeff_secondary": 2.2081157136379073, "exponent_secondary": 4.194562187030055}, "max_gw_storage": 187.40797046670832, "Cgw": 0.33913161917982565, "expon": 7.301691094199884, "K_lf": 46.875000531249995, "K_nash": 0.03, "nash_storage": [0.0, 0.0], "giuh_ordinates": [0.1, 0.35, 0.2, 0.14, 0.1, 0.06, 0.05], "refkdt": 3.338436513696181, "trigger_z_m": 0.2198920669198298, "fc_atm_press_fraction": 0.14968809548107986, "stand_alone": 1, "unit_test": 1, "compare_results_file": "G:\\Shared drives\\Ryoko and Hilary\\SMSigxModel\\analysis\\2_data_input\\Mahurangi\\full\\test_sm_basinavg.csv"}