{"forcing_file": "..\\2_data_input\\Mahurangi\\full\\mahurangi_1998_2001.csv", "catchment_area_km2": 46.65, "soil_params": {"bb": 7.63258374803758, "mult": 1000.0, "satdk": 0.00729587916376373, "satpsi": 0.08532052270788326, "slop": 0.2641264405951125, "smcmax": 0.3782926442200776, "wltsmc": 0.19923717652243597, "D": 1.04775390625, "exponent_primary": 1.0, "coeff_secondary": 0.4931399861098827, "exponent_secondary": 3.7889041598191957, "depth": 0.5}, "max_gw_storage": 202.92674293852113, "gw_coeff_primary": 0.01, "gw_exponent_primary": 1, "Cgw": 0.452798068798793, "expon": 4.129946684472063, "K_lf": 46.875000531249995, "K_nash": 0.337890625, "nash_storage": [0.0, 0.0], "giuh_ordinates": [0.1, 0.35, 0.2, 0.14, 0.1, 0.06, 0.05], "refkdt": 3.0797775308852606, "trigger_z_m": 0.6800183690721946, "fc_atm_press_fraction": 0.19154409434112585, "stand_alone": 1, "unit_test": 1, "compare_results_file": "G:\\Shared drives\\Ryoko and Hilary\\SMSigxModel\\analysis\\2_data_input\\Mahurangi\\full\\test_sm_basinavg.csv", "coeff_secondary": 1.3823632812500002, "exponent_secondary": 2.298828125}