{"forcing_file": "G:\\Shared drives\\Ryoko and Hilary\\SMSigxModel\\analysis\\2_data_input\\Mahurangi\\full\\mahurangi_1998_2001.csv", "catchment_area_km2": 46.65, "soil_params": {"bb": 10.742563119038337, "mult": 1000.0, "satdk": 0.2377361630349284, "satpsi": 0.6934998337858522, "slop": 0.006296029281078652, "smcmax": 0.3983969722756998, "wltsmc": 0.17799288274307662, "D": 0.8, "exponent_primary": 1.0, "coeff_secondary": 2.5998080783126722, "exponent_secondary": 7.401125570732267}, "max_gw_storage": 180.8503454404116, "Cgw": 0.7921071130232499, "expon": 1.312148970683298, "K_lf": 46.875000531249995, "K_nash": 0.1701675357467728, "nash_storage": [0.0, 0.0], "giuh_ordinates": [0.1, 0.35, 0.2, 0.14, 0.1, 0.06, 0.05], "refkdt": 2.9878034472121002, "trigger_z_m": 0.7491586975770688, "fc_atm_press_fraction": 0.20929131167436507, "stand_alone": 1, "unit_test": 1, "compare_results_file": "G:\\Shared drives\\Ryoko and Hilary\\SMSigxModel\\analysis\\2_data_input\\Mahurangi\\full\\test_sm_basinavg.csv"}