{"forcing_file": "..\\2_data_input\\Mahurangi\\full\\mahurangi_1998_2001.csv", "catchment_area_km2": 46.65, "soil_params": {"bb": 12.755991534302305, "mult": 1000.0, "satdk": 0.4770386736562763, "satpsi": 0.3937783680170861, "slop": 0.15796354023228454, "smcmax": 0.43138593419183996, "wltsmc": 0.4123775179375419, "D": 0.87, "exponent_primary": 1.0, "coeff_secondary": 2.2632063368379884, "exponent_secondary": 5.425909199863286}, "max_gw_storage": 47.313522982953714, "Cgw": 0.8116720997897241, "expon": 3.263590770997495, "K_lf": 46.875000531249995, "K_nash": 0.03, "nash_storage": [0.0, 0.0], "giuh_ordinates": [0.1, 0.35, 0.2, 0.14, 0.1, 0.06, 0.05], "refkdt": 3.405417283318321, "trigger_z_m": 0.6410804594662166, "fc_atm_press_fraction": 0.13103453752389993, "stand_alone": 1, "unit_test": 1, "compare_results_file": "G:\\Shared drives\\Ryoko and Hilary\\SMSigxModel\\analysis\\2_data_input\\Mahurangi\\full\\test_sm_basinavg.csv"}