{"forcing_file": "..\\2_data_input\\Mahurangi\\full\\mahurangi_1998_2001.csv", "catchment_area_km2": 46.65, "soil_params": {"bb": 3.737307120333375, "mult": 1000.0, "satdk": 0.12712120843095265, "satpsi": 0.1514097178380427, "slop": 0.2772002196942134, "smcmax": 0.3425757707307959, "wltsmc": 0.5694408662358547, "D": 0.87, "exponent_primary": 1.0, "coeff_secondary": 2.51299896058353, "exponent_secondary": 3.3358106429231977}, "max_gw_storage": 179.581744745105, "Cgw": 0.02240584326796583, "expon": 4.053247634320883, "K_lf": 46.875000531249995, "K_nash": 0.03, "nash_storage": [0.0, 0.0], "giuh_ordinates": [0.1, 0.35, 0.2, 0.14, 0.1, 0.06, 0.05], "refkdt": 3.697781558674373, "trigger_z_m": 0.8057023792845109, "fc_atm_press_fraction": 0.3215678368799174, "stand_alone": 1, "unit_test": 1, "compare_results_file": "G:\\Shared drives\\Ryoko and Hilary\\SMSigxModel\\analysis\\2_data_input\\Mahurangi\\full\\test_sm_basinavg.csv"}