{"forcing_file": "..\\2_data_input\\Mahurangi\\full\\mahurangi_1998_2001.csv", "catchment_area_km2": 46.65, "soil_params": {"bb": 6.716032362943401, "satdk": 0.7506948015725599, "satpsi": 0.029071112650671693, "slop": 0.49932775939846075, "smcmax": 0.5175536456856854, "wltsmc": 0.5095749750293193, "D": 0.87, "exponent_secondary": 2.2617399735858266}, "max_gw_storage": 73.74279255171804, "Cgw": 2.8216295450094853, "expon": 4.366052728438729, "K_lf": 9.734557996488636, "K_nash": 29.46500775981736, "nash_storage": [0.0, 0.0], "giuh_ordinates": [0, 0.111, 0.222, 0.334, 0.222, 0.111, 0], "refkdt": 1.9123329406927545, "trigger_z_m": 0.2374304101122161, "fc_atm_press_fraction": 0.12994896244158494, "stand_alone": 1, "unit_test": 1, "compare_results_file": "G:\\Shared drives\\Ryoko and Hilary\\SMSigxModel\\analysis\\2_data_input\\Mahurangi\\full\\test_sm_basinavg.csv"}