{
    "forcing_file": "G://Shared drives/Ryoko and Hilary/SMSigxModel/analysis/data/Mahurangi/forcing_daily_1998_2001.csv",
    "time_step_size": 86400,
    "catchment_area_km2": 46.65,
    "soil_params": {
        "bb": 15.51641379459915,
        "satdk": 0.05320015043038475,
        "satpsi": 0.2556788156289219,
        "slop": 0.8787762760574138,
        "smcmax": 0.5192799797242945,
        "wltsmc": 0.27657173584184713,
        "D": 1
    },
    "max_gw_storage": 0.13325325786225817,
    "Cgw": 0.0013836053743753003,
    "expon": 5.583344223843243,
    "K_nash": 0.3147599723095111,
    "refkdt": 2957.551426388539,
    "trigger_z_fact": 0.5195284467730682,
    "alpha_fc": 0.14736848037617004,
    "K_lf": 0.996,
    "num_nash_storage": 10,
    "giuh_ordinates": [
        0.5,
        0.5
    ],
    "stand_alone": 1,
    "unit_test": 1,
    "compare_results_file": "G:/Shared drives/Ryoko and Hilary/SMSigxModel/analysis/data/Mahurangi/test_daily_1998_2001_sm_basinavg.csv"
}