{
    "forcing_file": "G:/Shared drives/Ryoko and Hilary/SMSigxModel/analysis/data/LittleWashita/little_washita_2006_2012.csv",
    "catchment_area_km2": 601,
    "soil_params": {
        "bb": 5.658911242353768,
        "satdk": 0.0006645971377421111,
        "slop": 0.2580415250974201,
        "satpsi": 0.25250352944728793,
        "smcmax": 0.3,
        "wltsmc": 0.07797508016423987,
        "D": 2
    },
    "alpha_fc": 0.3108040867183695,
    "max_gw_storage": 64.65499945146956,
    "Cgw": 5.266971269144725,
    "expon": 0.005,
    "K_lf": 0.9129087366901193,
    "refkdt": 3.6745875396300987,
    "K_nash": 0.25869443146653426,
    "trigger_z_fact": 0.25,
    "nash_storage": [
        0.0,
        0.0,
        0.0,
        0.0
    ],
    "giuh_ordinates": [
        0.1,
        0.4,
        0.2,
        0.2,
        0.1
    ],
    "stand_alone": 1,
    "unit_test": 1,
    "compare_results_file": "G:/Shared drives/Ryoko and Hilary/SMSigxModel/analysis/data/LittleWashita/test_sm_basinavg.csv"
}