{
    "forcing_file": "G:/Shared drives/Ryoko and Hilary/SMSigxModel/analysis/data/Coweeta/forcing_daily_2014_2018_PT.csv",
    "catchment_area_km2": 0.121,
    "soil_params": {
        "bb": 3.09959,
        "satdk": 0.0006337005372924745,
        "satpsi": 0.141,
        "slop": 0.078013897105,
        "smcmax": 0.53145771238,
        "wltsmc": 0.08104691732,
        "D": 2
    },
    "max_gw_storage": 0.25,
    "Cgw": 0.0022459,
    "expon": 2.3143687226,
    "K_nash": 0.06869085622075158,
    "refkdt": 3.3019654214710785,
    "trigger_z_fact": 0.3360649479525811,
    "alpha_fc": 0.33,
    "K_lf": 1.0,
    "num_nash_storage": 2,
    "giuh_ordinates": [
        0.5,
        0.5
    ],
    "stand_alone": 1,
    "unit_test": 1,
    "time_step_size": 86400,
    "compare_results_file": "G:/Shared drives/Ryoko and Hilary/SMSigxModel/analysis/data/Coweeta/test_daily_2014_2018_sm_basinavg.csv"
}