{
    "forcing_file": "G:/Shared drives/Ryoko and Hilary/SMSigxModel/analysis/data/Mahurangi/forcing_daily_1998_2001.csv",
    "catchment_area_km2": 46.65,
    "soil_params": {
        "bb": 19.080695550153287,
        "satdk": 0.01008170270316948,
        "slop": 0.8654737986118407,
        "smcmax": 0.5326760673265668,
        "wltsmc": 0.2777108539408838,
        "satpsi": 0.263,
        "D": 1
    },
    "max_gw_storage": 0.06556912678112185,
    "Cgw": 0.0016914714204583781,
    "expon": 3.0132285987222893,
    "K_nash": 0.5251687040317584,
    "refkdt": 3.731966760008156,
    "trigger_z_fact": 0.4589119685226617,
    "K_lf": 1.0,
    "num_nash_storage": 2,
    "alpha_fc": 0.33,
    "giuh_ordinates": [
        0.5,
        0.5
    ],
    "time_step_size": 86400,
    "stand_alone": 1,
    "unit_test": 1,
    "compare_results_file": "G:/Shared drives/Ryoko and Hilary/SMSigxModel/analysis/data/Mahurangi/test_daily_1998_2001_sm_basinavg.csv"
}