{
    "forcing_file": "G:/Shared drives/Ryoko and Hilary/SMSigxModel/analysis/data/Coweeta/forcing_daily_2014_2018_PT.csv",
    "catchment_area_km2": 0.121,
    "soil_params": {
        "bb": 8.072621631294473,
        "satdk": 6.4e-06,
        "satpsi": 0.141,
        "slop": 0.8903113812942196,
        "smcmax": 0.5915712181765959,
        "wltsmc": 0.2557737077075607,
        "D": 1.2966915736968725
    },
    "max_gw_storage": 0.19873296998630824,
    "Cgw": 0.006680365771204733,
    "expon": 0.49548272427138507,
    "K_nash": 0.16304150439364673,
    "refkdt": 2.40797565325559,
    "trigger_z_fact": 0.251,
    "alpha_fc": 0.33,
    "K_lf": 0.6957655746262548,
    "num_nash_storage": 2,
    "giuh_ordinates": [
        0.6,
        0.3,
        0.1
    ],
    "stand_alone": 1,
    "unit_test": 1,
    "time_step_size": 86400,
    "compare_results_file": "G:/Shared drives/Ryoko and Hilary/SMSigxModel/analysis/data/Coweeta/test_daily_2014_2018_sm_basinavg.csv"
}