{
    "forcing_file": "G:/Shared drives/Ryoko and Hilary/SMSigxModel/analysis/data/Coweeta/forcing_daily_2014_2018.csv",
    "catchment_area_km2": 0.121,
    "soil_params": {
        "bb": 75.19153577070811,
        "satdk": 0.5432628576941165,
        "satpsi": 0.78,
        "slop": 0.04640925155351947,
        "smcmax": 0.3,
        "wltsmc": 0.000142,
        "D": 0.6
    },
    "max_gw_storage": 435.89986861041166,
    "Cgw": 6.018829417573535,
    "expon": 1.3570330201405327,
    "K_nash": 0.07159626716623546,
    "refkdt": 962.1121065289033,
    "trigger_z_fact": 0.5591098465676705,
    "alpha_fc": 0.1458881034245107,
    "K_lf": 0.6701249967892469,
    "num_nash_storage": 13,
    "giuh_ordinates": [
        1.0
    ],
    "stand_alone": 1,
    "unit_test": 1,
    "time_step_size": 86400,
    "gw_scheme": "Exponential",
    "compare_results_file": "G:/Shared drives/Ryoko and Hilary/SMSigxModel/analysis/data/Coweeta/test_daily_2014_2018_sm_basinavg.csv"
}