{"forcing_file": "G://Shared drives/Ryoko and Hilary/SMSigxModel/analysis/2_data_input/unit_test/mahurangi_1998_2001.csv", "catchment_area_km2": 46.65, "soil_params": {"bb": 10.00234375, "satdk": 0.000139331591875, "slop": 1.0835937500000001, "satpsi": 0.6594833799296875, "smcmax": 0.41935190296874997, "wltsmc": 0.3144546675859375, "D": 0.876640625, "exponent_secondary": 1}, "max_gw_storage": 0.51171875, "Cgw": 5.094531249999999, "expon": 0.00022265625, "K_lf": 0.5, "K_nash": 0.14296875, "nash_storage": [0.0, 0.0, 0.0], "giuh_ordinates": [0.1, 0.2, 0.4, 0.2, 0.1], "trigger_z_m": 0.1098241267578125, "fc_atm_press_fraction": 0.335078125, "refkdt": 0.4984435149453125, "stand_alone": 1, "unit_test": 1, "compare_results_file": "G://Shared drives/Ryoko and Hilary/SMSigxModel/analysis/2_data_input/unit_test/test_sm_basinavg.csv", "coeff_secondary": 0.52109375, "exponent_secondary": 1.07421875}