{"forcing_file": "G://Shared drives/Ryoko and Hilary/SMSigxModel/analysis/2_data_input/unit_test/short_input.csv", "catchment_area_km2": 46.65, "soil_params": {"bb": 8.981015782714667, "satdk": 0.00045032269216083284, "slop": 0.41762793915224505, "satpsi": 0.2300332676907536, "smcmax": 0.5834713396415413, "wltsmc": 0.6938714215774273, "D": 0.575401172063958, "exponent_secondary": 0.6015748458834094, "coeff_secondary": 0.07915169392793686}, "max_gw_storage": 151.93030326646038, "Cgw": 0.3026069980048076, "expon": 7.229250155808315, "K_lf": 0.5, "K_nash": 0.5202678132437953, "nash_storage": [0.0, 0.0, 0.0], "giuh_ordinates": [0.1, 0.2, 0.4, 0.2, 0.1], "trigger_z_m": 0.8909797946247427, "fc_atm_press_fraction": 0.31973967129330494, "refkdt": 2.5629399883807777, "stand_alone": 1, "unit_test": 1, "compare_results_file": "G://Shared drives/Ryoko and Hilary/SMSigxModel/analysis/2_data_input/unit_test/short_comparison.csv", "coeff_secondary": 1.3671875, "exponent_secondary": 0.33984375}