{"forcing_file": "G://Shared drives/Ryoko and Hilary/SMSigxModel/analysis/2_data_input/unit_test/short_input.csv", "catchment_area_km2": 46.65, "soil_params": {"bb": 11.604499683299357, "satdk": 0.00019127505403014036, "slop": 0.3767629593518874, "satpsi": 0.546361678772975, "smcmax": 0.34597755798878416, "wltsmc": 0.1205372048863631, "D": 0.9243820009862718, "exponent_secondary": 0.3575388061401241, "coeff_secondary": 4.167372774660375}, "max_gw_storage": 42.008009503100595, "Cgw": 0.7848951275803572, "expon": 6.362357445540239, "K_lf": 0.5, "K_nash": 0.023967304980867743, "nash_storage": [0.0, 0.0, 0.0], "giuh_ordinates": [0.1, 0.2, 0.4, 0.2, 0.1], "trigger_z_m": 0.4087128063403468, "fc_atm_press_fraction": 0.25920125757563117, "refkdt": 3.949212752914786, "stand_alone": 1, "unit_test": 1, "compare_results_file": "G://Shared drives/Ryoko and Hilary/SMSigxModel/analysis/2_data_input/unit_test/short_comparison.csv", "coeff_secondary": 1.3671875, "exponent_secondary": 0.33984375}