{"forcing_file": "G://Shared drives/Ryoko and Hilary/SMSigxModel/analysis/2_data_input/unit_test/short_input.csv", "catchment_area_km2": 46.65, "soil_params": {"bb": 11.077860004011805, "satdk": 0.0008275338482527072, "slop": 0.29420774272349404, "satpsi": 0.4909234827730745, "smcmax": 0.6689111542910423, "wltsmc": 0.3788961255358795, "D": 0.5121312294311806, "exponent_secondary": 1}, "max_gw_storage": 243.18979567218275, "Cgw": 0.7937430701229099, "expon": 1.9932383187944949, "K_lf": 0.5, "K_nash": 0.02169221189529902, "nash_storage": [0.0, 0.0, 0.0], "giuh_ordinates": [0.1, 0.2, 0.4, 0.2, 0.1], "trigger_z_m": 0.13178982858643495, "fc_atm_press_fraction": 0.2110484740658219, "refkdt": 1.456111153612385, "stand_alone": 1, "unit_test": 1, "compare_results_file": "G://Shared drives/Ryoko and Hilary/SMSigxModel/analysis/2_data_input/unit_test/short_comparison.csv", "coeff_secondary": 9.104968487345415, "exponent_secondary": 0.6891932762438898}