{"forcing_file": "G://Shared drives/Ryoko and Hilary/SMSigxModel/analysis/2_data_input/unit_test/short_input.csv", "catchment_area_km2": 46.65, "soil_params": {"bb": 2.1058274611076198, "satdk": 0.00019099325311253444, "slop": 0.46288939926755224, "satpsi": 0.589117315152567, "smcmax": 0.3974790532155927, "wltsmc": 0.033551281711471925, "D": 0.6930653681899905, "exponent_secondary": 0.05080014238427555, "coeff_secondary": 1.2486762271312335}, "max_gw_storage": 181.81155984553024, "Cgw": 0.9854461663391164, "expon": 2.8966878933000064, "K_lf": 0.5, "K_nash": 0.21577372021086116, "nash_storage": [0.0, 0.0, 0.0], "giuh_ordinates": [0.1, 0.2, 0.4, 0.2, 0.1], "trigger_z_m": 0.27446551399106756, "fc_atm_press_fraction": 0.24733396784601633, "refkdt": 0.24802426372797656, "stand_alone": 1, "unit_test": 1, "compare_results_file": "G://Shared drives/Ryoko and Hilary/SMSigxModel/analysis/2_data_input/unit_test/short_comparison.csv", "coeff_secondary": 1.3671875, "exponent_secondary": 0.33984375}