{"forcing_file": "G://Shared drives/Ryoko and Hilary/SMSigxModel/analysis/2_data_input/unit_test/short_input.csv", "catchment_area_km2": 46.65, "soil_params": {"bb": 3.294921875, "satdk": 2.93939453125e-05, "slop": 0.888671875, "satpsi": 0.653828125, "smcmax": 0.42322265625, "wltsmc": 0.888671875, "D": 0.9169921875, "exponent_secondary": 1}, "max_gw_storage": 70.46875, "Cgw": 0.423828125, "expon": 5.142578125, "K_lf": 0.5, "K_nash": 0.580078125, "nash_storage": [0.0, 0.0, 0.0], "giuh_ordinates": [0.1, 0.2, 0.4, 0.2, 0.1], "trigger_z_m": 0.857421875, "fc_atm_press_fraction": 0.13638671875000002, "refkdt": 3.9162109375, "stand_alone": 1, "unit_test": 1, "compare_results_file": "G://Shared drives/Ryoko and Hilary/SMSigxModel/analysis/2_data_input/unit_test/short_comparison.csv", "coeff_secondary": 5.13671875, "exponent_secondary": 0.193359375}