{
    "forcing_file": "G://Shared drives/Ryoko and Hilary/SMSigxModel/analysis/2_data_input/unit_test/short_input.csv",
    "catchment_area_km2": 46.65,
    "soil_params":
    {
        "bb": 2.482421875,
        "satdk": 0.0009668001953124999,
        "slop": 0.701171875,
        "satpsi": 0.226328125,
        "smcmax": 0.42177734375,
        "wltsmc": 0.826171875,
        "D": 0.5107421875
    },
    "max_gw_storage": 235.46875,
    "Cgw": 0.486328125,
    "expon": 5.580078125,
    "lksatfac": 10,
    "dd": 0.035,
    "K_nash": 0.767578125,
    "nash_storage":
    [
        0.0,
        0.0,
        0.0
    ],
    "giuh_ordinates":
    [
        0.1,
        0.2,
        0.4,
        0.2,
        0.1
    ],
    "trigger_z_fact": 0.8,
    "alpha_fc": 0.32326171875,
    "refkdt": 1.7224609375,
    "stand_alone": 1,
    "unit_test": 1,
    "compare_results_file": "G://Shared drives/Ryoko and Hilary/SMSigxModel/analysis/2_data_input/unit_test/short_comparison.csv"
}