{"forcing_file": "G://Shared drives/Ryoko and Hilary/SMSigxModel/analysis/2_data_input/unit_test/short_input.csv", "catchment_area_km2": 46.65, "soil_params": {"bb": 10.201171875, "satdk": 0.00037310957031249997, "slop": 0.919921875, "satpsi": 0.250078125, "smcmax": 0.47958984375, "wltsmc": 0.982421875, "D": 0.5244140625, "exponent_secondary": 1}, "max_gw_storage": 17.96875, "Cgw": 0.330078125, "expon": 3.611328125, "K_lf": 0.5, "K_nash": 0.111328125, "nash_storage": [0.0, 0.0, 0.0], "giuh_ordinates": [0.1, 0.2, 0.4, 0.2, 0.1], "trigger_z_m": 0.138671875, "fc_atm_press_fraction": 0.21544921875, "refkdt": 2.8193359375, "stand_alone": 1, "unit_test": 1, "compare_results_file": "G://Shared drives/Ryoko and Hilary/SMSigxModel/analysis/2_data_input/unit_test/short_comparison.csv", "coeff_secondary": 4.82421875, "exponent_secondary": 0.412109375}