{"forcing_file": "G://Shared drives/Ryoko and Hilary/SMSigxModel/analysis/2_data_input/unit_test/short_input.csv", "catchment_area_km2": 46.65, "soil_params": {"bb": 9.8837890625, "satdk": 4.9823242187499995e-06, "slop": 0.0810546875, "satpsi": 0.5981640625, "smcmax": 0.458271484375, "wltsmc": 0.2568359375, "D": 0.84033203125, "exponent_secondary": 1}, "max_gw_storage": 18.671875, "Cgw": 0.7001953125, "expon": 5.9150390625, "K_lf": 0.5, "K_nash": 0.5166015625, "nash_storage": [0.0, 0.0, 0.0], "giuh_ordinates": [0.1, 0.2, 0.4, 0.2, 0.1], "trigger_z_m": 0.2763671875, "alpha_fc": 0.260146484375, "refkdt": 1.32255859375, "stand_alone": 1, "unit_test": 1, "compare_results_file": "G://Shared drives/Ryoko and Hilary/SMSigxModel/analysis/2_data_input/unit_test/short_comparison.csv", "coeff_secondary": 3.095703125, "exponent_secondary": 0.0166015625}