{"forcing_file": "G://Shared drives/Ryoko and Hilary/SMSigxModel/analysis/2_data_input/unit_test/short_input.csv", "catchment_area_km2": 46.65, "soil_params": {"bb": 13.12109375, "satdk": 0.00042583867187499997, "slop": 0.84765625, "satpsi": 0.36140625000000004, "smcmax": 0.3805859375, "wltsmc": 0.58203125, "D": 0.541015625, "exponent_secondary": 1}, "max_gw_storage": 63.4375, "Cgw": 0.39453125, "expon": 1.57421875, "K_lf": 0.5, "K_nash": 0.22265625, "nash_storage": [0.0, 0.0, 0.0], "giuh_ordinates": [0.1, 0.2, 0.4, 0.2, 0.1], "trigger_z_m": 0.62109375, "fc_atm_press_fraction": 0.22488281250000003, "refkdt": 0.237109375, "stand_alone": 1, "unit_test": 1, "compare_results_file": "G://Shared drives/Ryoko and Hilary/SMSigxModel/analysis/2_data_input/unit_test/short_comparison.csv", "coeff_secondary": 1.5234375, "exponent_secondary": 0.63671875}