{"forcing_file": "G://Shared drives/Ryoko and Hilary/SMSigxModel/analysis/2_data_input/Mahurangi/full/mahurangi_1998_2001.csv", "catchment_area_km2": 46.65, "soil_params": {"bb": 7.2608403078058865, "satdk": 1.74643672567802e-05, "slop": 0.7215440957242243, "satpsi": 0.6278688671264436, "smcmax": 0.919020659710908, "wltsmc": 0.40143256029568297, "D": 1.1431527642836685}, "alpha_fc": 0.27915685784848343, "max_gw_storage": 99.3903269704854, "Cgw": 0.2634895444342995, "expon": 7.039110491959049, "lksatfac": 290.0651234497016, "dd": 0.001435, "refkdt": 3.8122204518766916, "K_nash": 0.7948270189296448, "trigger_z_fact": 0.278, "nash_storage": [0.0, 0.0], "giuh_ordinates": [0.1, 0.2, 0.4, 0.2, 0.1], "stand_alone": 1, "unit_test": 1, "compare_results_file": "G://Shared drives/Ryoko and Hilary/SMSigxModel/analysis/2_data_input/Mahurangi/full/test_sm_basinavg.csv"}