{"forcing_file": "G://Shared drives/Ryoko and Hilary/SMSigxModel/analysis/2_data_input/Mahurangi/full/mahurangi_1998_2001.csv", "catchment_area_km2": 46.65, "soil_params": {"bb": 7.237654546439864, "satdk": 1.6733819846568903e-05, "slop": 0.35663814997448184, "satpsi": 0.6127040139346784, "smcmax": 0.7750996074688716, "wltsmc": 0.03423652629882914, "D": 1.0189482344565834}, "alpha_fc": 0.14558139116147314, "max_gw_storage": 171.25778609445155, "Cgw": 1.7379384426069133, "expon": 7.850577590316863, "lksatfac": 841.3080948828517, "dd": 0.001435, "refkdt": 0.2466031605249157, "K_nash": 0.23755490937920654, "trigger_z_fact": 0.278, "nash_storage": [0.0, 0.0], "giuh_ordinates": [0.1, 0.2, 0.4, 0.2, 0.1], "stand_alone": 1, "unit_test": 1, "compare_results_file": "G://Shared drives/Ryoko and Hilary/SMSigxModel/analysis/2_data_input/Mahurangi/full/test_sm_basinavg.csv", "coeff_secondary": 4.850563728386483, "exponent_secondary": 0.09738583370024645, "trigger_z_m": 0.911231157231618, "trigger_z_m_coeff": 0.25131911067869783}