{"forcing_file": "G://Shared drives/Ryoko and Hilary/SMSigxModel/analysis/2_data_input/Mahurangi/full/mahurangi_1998_2001.csv", "catchment_area_km2": 46.65, "soil_params": {"bb": 7.6478479277456906, "satdk": 2.1512265968344174e-05, "slop": 0.45718301960219276, "satpsi": 0.6587256546464579, "smcmax": 0.4572956032322943, "wltsmc": 0.19451119693599117, "D": 0.9842245290401661}, "alpha_fc": 0.2602541804330937, "max_gw_storage": 160.3886280044697, "Cgw": 1.9550243111368721, "expon": 7.365892203205088, "lksatfac": 4794.108036164658, "dd": 0.001435, "refkdt": 1.5164517941603313, "K_nash": 0.49073543326700897, "trigger_z_fact": 0.278, "nash_storage": [0.0, 0.0], "giuh_ordinates": [0.1, 0.2, 0.4, 0.2, 0.1], "stand_alone": 1, "unit_test": 1, "compare_results_file": "G://Shared drives/Ryoko and Hilary/SMSigxModel/analysis/2_data_input/Mahurangi/full/test_sm_basinavg.csv", "coeff_secondary": 4.850563728386483, "exponent_secondary": 0.09738583370024645, "trigger_z_m": 0.911231157231618, "trigger_z_m_coeff": 0.5316357838378329}