{"forcing_file": "G:/Shared drives/Ryoko and Hilary/SMSigxModel/analysis/data/LittleWashita/little_washita_2006_2012.csv", "catchment_area_km2": 601, "soil_params": {"bb": 4.027622890758451, "satdk": 0.0003507027627147, "slop": 0.0572069965227292, "satpsi": 0.4381718054501257, "smcmax": 0.8439308991619185, "wltsmc": 0.1372234715124753, "D": 2}, "alpha_fc": 0.2570593888472475, "max_gw_storage": 68.1956138261904, "Cgw": 1.5276447790920624, "expon": 1.75, "K_lf": 0.653630644023613, "refkdt": 0.1937953114188643, "K_nash": 0.8220013603415552, "trigger_z_fact": 0.7083532142281147, "nash_storage": [0.0, 0.0], "giuh_ordinates": [0.1, 0.4, 0.2, 0.2, 0.1], "stand_alone": 1, "unit_test": 1, "compare_results_file": "G:/Shared drives/Ryoko and Hilary/SMSigxModel/analysis/data/LittleWashita/test_sm_basinavg.csv", "epon": 3.546989081571887, "trigger_z_m": 0.4776017219213259}