,bb,satdk
0,2.5654143776688434,4.079131816103004e-05
