,bb,satdk
0,3.1804968132772102,7.190462057591373e-05
1,2.5956203116603778,8.287386607631958e-05
2,3.2870137653504177,5.6779800288840696e-05
